{
  "nodoCentral": {
    "imagen": "./imagenes/logo.webp",
    "textos": ["MARKETING", "ONꓤƎꓕNI"]
  },
  "areas": [
    {
      "id": "principal",
      "nodoPrincipalTexto": "MARKETING INTERNO",
      "elementos": [
        {
          "texto": "Producción",
          "icono": "./imagenes/produc.webp",
          "link": "./index.html?area=produccion"
        },
        {
          "texto": "Operación y Logística",
          "icono": "./imagenes/oper.webp",
          "link": "./index.html?area=operacion_logistica"
        },
        {
          "texto": "Dirección General",
          "icono": "./imagenes/direc.webp",
          "link": "./index.html?area=direccion_general"
        },
        {
          "texto": "Tecnología",
          "icono": "./imagenes/tecno.webp",
          "link": "./index.html?area=tecnologia"
        },
        {
          "texto": "Sistema de Gestión",
          "icono": "./imagenes/segu.webp",
          "link": "./index.html?area=sistema_gestion"
        },
        {
          "texto": "Seguridad",
          "icono": "./imagenes/segu.webp",
          "link": "./index.html?area=seguridad"
        },
        {
          "texto": "Administración",
          "icono": "./imagenes/admin.webp",
          "link": "./index.html?area=administracion"
        },
        {
          "texto": "Comités",
          "icono": "./imagenes/comi.webp",
          "link": "./index.html?area=comites"
        },
        {
          "texto": "TIC's",
          "icono": "./imagenes/tics.webp",
          "link": "./index.html?area=tics"
        },
        {
          "texto": "Almacén General",
          "icono": "./imagenes/alma.webp",
          "link": "./index.html?area=almacen_general"
        },
        {
          "texto": "Compras",
          "icono": "./imagenes/comp.webp",
          "link": "./index.html?area=compras"
        }
      ]
    },
    {
      "id": "produccion",
      "nodoPrincipalTexto": "Producción",
      "nodoCentralIcono": "./imagenes/produc.webp",
      "nodoCentralColor": "#28b463",
      "elementos": [
        {
          "texto": "Infografía de Producción",
          "icono": "./imagenes/produc.webp",
          "infografia": "produccion1"
        }
      ]
    },
    {
      "id": "operacion_logistica",
      "nodoPrincipalTexto": "Operación y Logística",
      "nodoCentralIcono": "./imagenes/oper.webp",
      "nodoCentralColor": "#b89209",
      "elementos": []
    },
    {
      "id": "direccion_general",
      "nodoPrincipalTexto": "Dirección General",
      "nodoCentralIcono": "./imagenes/direc.webp",
      "nodoCentralColor": "#f06292",
      "elementos": [
        {
          "texto": "Infografía de Dirección",
          "icono": "./imagenes/direc.webp",
          "infografia": "direccion1"
        }
      ]
    },
    {
      "id": "tecnologia",
      "nodoPrincipalTexto": "Tecnología",
      "nodoCentralIcono": "./imagenes/tecno.webp",
      "nodoCentralColor": "#9fa8da",
      "elementos": []
    },
    {
      "id": "sistema_gestion",
      "nodoPrincipalTexto": "Sistema de Gestión",
      "nodoCentralIcono": "./imagenes/segu.webp",
      "nodoCentralColor": "#ef9a9a",
      "elementos": []
    },
    {
      "id": "comites",
      "nodoPrincipalTexto": "Comités",
      "nodoCentralIcono": "./imagenes/comi.webp",
      "nodoCentralColor": "#ba68c8",
      "elementos": []
    },
    {
      "id": "tics",
      "nodoPrincipalTexto": "TIC's",
      "nodoCentralIcono": "./imagenes/tics.webp",
      "nodoCentralColor": "#42a5f5",
      "elementos": []
    },
    {
      "id": "almacen_general",
      "nodoPrincipalTexto": "Almacén General",
      "nodoCentralIcono": "./imagenes/alma.webp",
      "nodoCentralColor": "#a1887f",
      "elementos": []
    },
    {
      "id": "compras",
      "nodoPrincipalTexto": "Compras",
      "nodoCentralIcono": "./imagenes/comp.webp",
      "nodoCentralColor": "#4db6ac",
      "elementos": []
    },
    {
      "id": "seguridad",
      "nodoPrincipalTexto": "Seguridad",
      "nodoCentralIcono": "./imagenes/segu.webp",
      "nodoCentralColor": "#f57c00",
      "elementos": []
    },
    {
      "id": "administracion",
      "nodoPrincipalTexto": "Administración",
      "nodoCentralIcono": "./imagenes/admin.webp",
      "nodoCentralColor": "#aeb6bf",
      "elementos": []
    }
  ]
}
